38; a
24; 193
24; 232
24; http
24; 47
24; 210
18; class
18; href
18; title
15; div
14; www
12; external
12; whois
12; nofollow
12; rel
12; text
10; net
9; m
8; org
8; ip
8; IP
8; bin
8; query
8; 1ml
8; html
6; p
6; com
6; articles
6; idmicles
5; 0
4; addresses
4; catlinks
4; Special
4; svg
4; address
4; lacnic
4; searchtext
4; php
4; Information
4; td
4; 7
4; amp
4; apnic
4; cgi
4; krimpet
4; toolserver
3; user
3; an
3; Shared
3; F
3; Categories
3; 25
3; anonymous
3; 40
3; you
3; B
3; s
2; table
2; border
2; Category
2; pl
2; db
2; afrinic
2; fcgi
2; America
2; Regional
2; 6
2; registry
2; location
2; openrbl
2; tracert
2; rbls
2; 93
2; may
2; ws
2; tr
2; the
2; enwiki
2; 91
2; x
2; r
2; EN
2; lg
2; ripe
2; ch
2; tools
2; 5
2; Userlogin
2; e
2; users
2; by
2; i
2; padding
2; style
2; span
2; queryinput
2; arin
2; Internet
2; rbhelper
2; torcheck
2; dnsstuff
2; robtex
2; samspade
1; Image
1; h
1; right
1; clear
1; margin
1; background
1; cactions
1; visualClear
1; end
1; hr
1; ltr
1; 32
1; c
1; printfooter
1; Traceroute
1; br
1; Pacific
1; dir
1; font
1; other
1; g
1; with
1; Rangeblock
1; content
1; RDNS
1; WHOIS
1; confusion
1; Latin
1; d
1; portl
1; check
1; future
1; to
1; in
1; or
1; account
1; f
1; also
1; avoid
1; u
1; If
1; log
1; several
1; shared
1; be
1; and
1; change
1; Tor
1; numerical
1; create
1; identified
1; Europe
1; images
1; alt
1; for
1; Caribbean
1; discussion
1; is
1; both
1; width
1; Asia
1; Geolocate
1; 28
1; color
1; 90
1; size
1; n
1; 2
1; one
1; column
1; Some
1; 101
1; normal
1; Africa
1; mw
1; page
1; RBLs
1; finder
1; This
1; local
1; src
1; RIRs
1; image
1; b
1; t
1; 86
1; hides
1; Registering
1; are
1; periodically
1; height
1; png
1; thumb
1; img
1; solidCsection
1; noeditsection
1; plainlinks
1; anontalktextè
